# Per-child-age data means for the baseline figure. Sample: all one-child families, no parental-age restriction.
# GENERATED by tools/make_smm_targets.py from SMM_Moments_ByAge.dta -- do not edit by hand.
# c_p, e_p, a_p: model units (10k USD/yr). a_p EXCLUDES home equity and is the
# mean of the TWO-YEAR age bin containing each age (SMM_Assets_ByChildAge.dta).
# h_p, t_p, i_c, school_c, i_total, l_c: shares of the 112h week.
# i_c = own study; school_c = mean of the median-school variable by age.
# i_total = legacy school-plus-study input (includes imputations).
# l_c = 1 - t_p - i_c - school_c; untargeted, variable-specific coverage.
# x_gach / x_lw: mean LOG human capital in W-score units; no shift required.
child_age,c_p,e_p,a_p,h_p,t_p,i_c,school_c,i_total,l_c,x_gach,x_lw
1,2.806319,0.352618,4.917364,0.298037,0.427410,0.000000,0.000000,0.000000,0.572590,,
2,2.818292,0.390361,9.234284,0.302570,0.396566,0.000000,0.000000,0.000000,0.603434,5.926926,5.814131
3,2.741916,0.389873,9.234284,0.307061,0.405801,0.000000,0.000000,0.000000,0.594199,5.915869,5.851556
4,2.952715,0.385243,12.663428,0.311410,0.392504,0.000000,0.000000,0.000000,0.607496,5.962507,5.898397
5,2.857595,0.377858,12.663428,0.312013,0.307899,0.000000,0.000000,0.000000,0.692101,6.028817,5.975925
6,3.016323,0.325724,10.148810,0.309641,0.282279,0.029719,0.316058,0.350572,0.371944,6.084822,6.064486
7,2.804337,0.302116,10.148810,0.310043,0.234573,0.038254,0.330636,0.360775,0.396537,6.140176,6.125749
8,3.035372,0.283828,12.580703,0.310512,0.253153,0.037597,0.335989,0.368857,0.373261,6.178657,6.172227
9,2.961811,0.278444,12.580703,0.310810,0.247218,0.051591,0.336785,0.379289,0.364406,6.204974,6.205233
10,3.037609,0.249910,16.626513,0.306270,0.222865,0.047225,0.335444,0.382584,0.394466,6.222325,6.224784
11,2.982012,0.254616,16.626513,0.303060,0.223586,0.047923,0.337738,0.389828,0.390753,6.230707,6.235218
12,3.104671,0.240736,21.699933,0.299124,0.190285,0.056264,0.344441,0.390906,0.409010,6.234945,6.242533
13,3.179951,0.311555,21.699933,0.301955,0.183899,0.050726,0.345232,0.393539,0.420143,6.248854,6.258535
14,3.372110,0.362932,21.007722,0.305006,0.139562,0.040499,0.349470,0.391422,0.470468,6.257637,6.268415
15,3.560139,0.484779,21.007722,0.310115,0.183775,0.051796,0.344827,0.391684,0.419602,6.270351,6.282790
16,3.971996,0.573943,35.575540,0.312752,0.127479,0.050922,0.340282,0.386872,0.481316,6.270634,6.279493
17,3.760898,0.650281,35.575540,0.313578,0.118955,0.051396,0.321987,0.370847,0.507662,6.270758,6.280917
