restart,theta,f_start,f_local,improved,ret,attempt,n_eval,action,worker,elapsed_s,incumbent_version,commit_seq
1,0.0,37307.181304564365,13913.177345852793,false,MAXEVAL_REACHED,1,601,none,2,7146.25,1,8
2,0.31622776601683794,49737.64778051525,16179.28394607266,false,MAXEVAL_REACHED,1,601,none,3,7158.56,1,9
3,0.3872983346207417,1.0e12,1.0e12,false,FTOL_REACHED,1,22,none,4,62.52,1,2
4,0.4472135954999579,1.0e12,1.0e12,false,FTOL_REACHED,1,22,none,5,66.26,1,4
5,0.5,29069.73461290856,10789.1964426936,false,MAXEVAL_REACHED,1,601,none,6,7509.57,1,16
6,0.5477225575051661,47874.51150948999,15668.702640419559,false,MAXEVAL_REACHED,1,601,none,7,7426.25,1,13
7,0.5916079783099616,1.0e12,8847.792308819493,false,MAXEVAL_REACHED,1,601,none,8,7421.95,1,12
8,0.6324555320336759,1.0e12,1.0e12,false,FTOL_REACHED,1,22,none,9,58.24,1,1
9,0.6708203932499369,43817.92676248261,13821.862347968894,false,MAXEVAL_REACHED,1,601,none,10,7578.38,1,17
10,0.7071067811865476,31928.670875254473,11344.37038350352,false,MAXEVAL_REACHED,1,601,none,11,7454.9,1,14
11,0.7416198487095663,1.0e12,1.0e12,false,FTOL_REACHED,1,22,none,12,62.64,1,3
12,0.7745966692414834,1.0e12,10191.803387931095,false,MAXEVAL_REACHED,1,601,none,13,7220.2,1,10
13,0.806225774829855,29714.13497800829,10698.01646443781,false,MAXEVAL_REACHED,1,601,none,14,7651.7,1,18
14,0.8366600265340756,1.0e12,8703.996281559163,true,MAXEVAL_REACHED,1,601,improved,15,7121.05,1,6
15,0.8660254037844386,29494.596090999945,23786.30253669965,true,FTOL_REACHED,1,447,improved,16,5696.12,1,5
16,0.8944271909999159,31240.80569353298,12465.661477256295,false,MAXEVAL_REACHED,1,601,none,17,7769.91,1,20
17,0.9219544457292888,33544.91192259233,10976.278389225661,false,MAXEVAL_REACHED,1,601,none,18,7731.41,1,19
18,0.9486832980505138,36655.72408628618,17064.062782923138,false,MAXEVAL_REACHED,1,601,none,19,7136.49,1,7
19,0.9746794344808963,38856.79156366118,9351.132188930615,false,MAXEVAL_REACHED,1,601,none,20,7508.22,1,15
20,0.995,36978.32310640643,17954.05115270805,false,MAXEVAL_REACHED,1,601,none,21,7367.48,1,11
