restart,theta,f_start,f_local,improved,ret,attempt,n_eval,action,worker,elapsed_s,incumbent_version,commit_seq,start_fallback
1,0.0,6784.794690649624,6483.837527710142,true,MAXEVAL_REACHED,1,449,improved,2,4803.89,1,4,false
2,0.3535533905932738,37307.181304564365,19044.687862824732,false,MAXEVAL_REACHED,1,450,none,3,4638.13,1,2,true
3,0.4330127018922193,30168.00108716134,11801.72820144332,false,MAXEVAL_REACHED,1,450,none,4,4641.1,1,3,false
4,0.5,44989.54119966869,28112.907947008265,false,MAXEVAL_REACHED,1,450,none,5,4119.32,1,1,true
5,0.5590169943749475,50324.23505924681,6243.410834694197,true,MAXEVAL_REACHED,1,450,improved,5,5002.07,1,5,false
6,0.6123724356957946,36212.349782319856,8698.10088538587,false,MAXEVAL_REACHED,1,450,none,3,4916.65,1,7,false
7,0.6614378277661477,17242.87379235214,6908.575207677512,false,MAXEVAL_REACHED,1,450,none,4,4759.88,1,6,false
8,0.7071067811865476,22004.995062579143,7966.931193340172,false,MAXEVAL_REACHED,1,450,none,2,4891.72,2,8,false
9,0.75,18267.826035058104,6392.387715994834,false,MAXEVAL_REACHED,1,450,none,5,4820.48,3,9,false
10,0.7905694150420949,17225.848154542266,6684.022248936783,false,MAXEVAL_REACHED,1,450,none,4,5026.4,3,10,false
11,0.82915619758885,9645.641815742589,6066.463244844807,true,MAXEVAL_REACHED,1,450,improved,3,4928.26,3,11,false
12,0.8660254037844386,14528.942172638868,5963.247528018822,true,MAXEVAL_REACHED,1,450,improved,2,4858.93,3,12,false
13,0.9013878188659973,9831.787541028174,6084.463231503478,false,MAXEVAL_REACHED,1,450,none,5,4964.34,3,14,false
14,0.9354143466934853,6827.7503533518975,5797.855438559041,false,MAXEVAL_REACHED,1,450,none,4,4986.96,3,16,false
15,0.9682458365518543,6545.399171031068,5922.494762984267,true,FTOL_REACHED,1,385,improved,3,4192.26,4,13,false
16,0.995,5964.3314775634635,5705.548953368512,true,FTOL_REACHED,1,441,improved,2,4809.99,5,15,false
